{
  "creds": {
    "noiseKey": {
      "private": {
        "type": "Buffer",
        "data": "IMrXNeKktkiBkUlUZbl5twd+c3QU5NWn8Qf7xHEmv2k="
      },
      "public": {
        "type": "Buffer",
        "data": "NBDv+4lS6wWTWAlAIdIqbTd3tu0OuJmqPJ+aoeUV1TM="
      }
    },
    "signedIdentityKey": {
      "private": {
        "type": "Buffer",
        "data": "2C/HfXEZQfnISXJbahVKqFcA2GbaIvMw/P41qgSKcmc="
      },
      "public": {
        "type": "Buffer",
        "data": "jpUB+g++iHzrfgRieSAeWa01GEAiiHZgAvC8GkOXwRI="
      }
    },
    "signedPreKey": {
      "keyPair": {
        "private": {
          "type": "Buffer",
          "data": "WN7Q2E12thfqmPwMhuujznnBeRSX8oA10ezlUmPkHVg="
        },
        "public": {
          "type": "Buffer",
          "data": "IGgQbGfulrlBTA5Rq938HxlvlDDnu5Vkc0HjSoZwzDw="
        }
      },
      "signature": {
        "type": "Buffer",
        "data": "nqOLm/i8Qd+fG0fUgU2NgayBp/9ylf8xVxXBRXGZybU4WxxDW4dlG2OZ7vXZ/OpcyXklcndxFY8UKJDcIgW8ig=="
      },
      "keyId": 1
    },
    "registrationId": 155,
    "advSecretKey": "ZhsMQeD3SKP1vN2bXS9YjL/V4YjBqE4IXtrsaBGba9I=",
    "processedHistoryMessages": [
      {
        "key": {
          "remoteJid": "6281228088732@s.whatsapp.net",
          "fromMe": true,
          "id": "E0B3018B808EEDC02D82F101E7F49CD9"
        },
        "timestamp": 1659021381
      },
      {
        "key": {
          "remoteJid": "6281228088732@s.whatsapp.net",
          "fromMe": true,
          "id": "21FD99F5C3343FF45C5A8D392A4EB084"
        },
        "timestamp": 1659021384
      }
    ],
    "nextPreKeyId": 34,
    "firstUnuploadedPreKeyId": 34,
    "accountSettings": {
      "unarchiveChats": false
    },
    "account": {
      "details": "CLOmnroGELTQipcGGAE=",
      "accountSignature": "uuT4A41o/OenTv4W8kwWleEvDPZM6YL5S7JSQ402tZ2bQ0oBmPpnXA3dQSrVLHfboenxKMzFmc5YVbHNcl9jBw==",
      "deviceSignature": "xdmnUtyJragNJakOa6dYfUSGM1Eb0W9wP9hgUtnsZjA+fZxe5hmWvJsTAK33xAimKt0k3OJhzTN9AKTrcZ3niw=="
    },
    "me": {
      "id": "6281228088732:85@s.whatsapp.net",
      "name": "Xinzuo_XBox"
    },
    "signalIdentities": [
      {
        "identifier": {
          "name": "6281228088732:85@s.whatsapp.net",
          "deviceId": 0
        },
        "identifierKey": {
          "type": "Buffer",
          "data": "BbxQVmbXHe6FUXjvwzfT7lduSicdPKM07FKj+gX3IT5D"
        }
      }
    ],
    "platform": "android",
    "lastAccountSyncTimestamp": 1659021368,
    "myAppStateKeyId": "AAAAAPx0"
  },
  "keys": {
    "preKeys": {
      "1": {
        "private": {
          "type": "Buffer",
          "data": "yAAf/pDptFLRhKIpLI5m0F/Bm3K5YNbwZ03YyMJpT1g="
        },
        "public": {
          "type": "Buffer",
          "data": "W6dn83QKTiDXlP6dUA8zwWbmZAr2rdpKZqUPZBv9JVc="
        }
      },
      "2": null,
      "3": {
        "private": {
          "type": "Buffer",
          "data": "SJT6W8JvZEbcrnIsiMv41RBJKlIn/X/1ejqiixYHs2o="
        },
        "public": {
          "type": "Buffer",
          "data": "fVU1syyAIcIqr4HhYAjGJVbyTs3QBo5ePHqjCS1XiGM="
        }
      },
      "4": null,
      "5": {
        "private": {
          "type": "Buffer",
          "data": "OM8h77Vx8hjFniYLggaI4q6xIwXmsrX4LP01blyzX0Y="
        },
        "public": {
          "type": "Buffer",
          "data": "48OZk1kym9zFR1gUvdYuPXa7x4RiueIYmVYdksyTdUc="
        }
      },
      "6": {
        "private": {
          "type": "Buffer",
          "data": "YMf3Cd+9+1q3cQBLQ3NdoygcyAmIklXuA9iIOgHKDkg="
        },
        "public": {
          "type": "Buffer",
          "data": "Rv/ju6e3lKweONFuJo08i3oNYr0yBnYbyuASXeaezVY="
        }
      },
      "7": null,
      "8": null,
      "9": null,
      "10": {
        "private": {
          "type": "Buffer",
          "data": "UPE72BmmdapAP2ljVHssa20yWq21svKTlLW9xxrZjE0="
        },
        "public": {
          "type": "Buffer",
          "data": "qJBJLNvYHHUzHa8pg9QlY8tN+VCXVa7gWNug/XVkhRU="
        }
      },
      "11": {
        "private": {
          "type": "Buffer",
          "data": "oLXZ6qZUh4lOeZfcnRNn2w5/MTsTA+NMbLop8iHBWmo="
        },
        "public": {
          "type": "Buffer",
          "data": "w6hY12N6y8qq8lTwIzcT2EYA6RlzeCiQOid5ILnSIQo="
        }
      },
      "12": null,
      "13": null,
      "14": {
        "private": {
          "type": "Buffer",
          "data": "iLXgJeKkDrKFaKVZqPGqgNtVEwMZFjxyzc6ErC7Iu1M="
        },
        "public": {
          "type": "Buffer",
          "data": "B72eTEhYlzHWf+ZmsVRXleZ1CvJ7t+okWBfUVF6QSF0="
        }
      },
      "15": null,
      "16": {
        "private": {
          "type": "Buffer",
          "data": "cGz6If9UEXSkoGWFV2bS4Cq/dSIPaS/KAeX51rIhhEo="
        },
        "public": {
          "type": "Buffer",
          "data": "qbhnr5Pj7g+cOXwmzkn5318V6lkE3F65TUKatkXOC0A="
        }
      },
      "17": null,
      "18": {
        "private": {
          "type": "Buffer",
          "data": "QO1m1h1pl51bWr9cv/1HcTw1GaBKEO048WvSP1Rrn0Y="
        },
        "public": {
          "type": "Buffer",
          "data": "2R5kh51HjmUTg/Op5Pajl7tbgpq7Th6hk8OqWwkpP20="
        }
      },
      "19": null,
      "20": {
        "private": {
          "type": "Buffer",
          "data": "MF6VLSfjAY8cp+z7axBxOiMQ0at8z2MMtAmW1nPFTno="
        },
        "public": {
          "type": "Buffer",
          "data": "p+OvlDgk1Rot4naruhVTWgOm4gb6nMm2R+hI00G0/Ws="
        }
      },
      "21": null,
      "22": null,
      "23": {
        "private": {
          "type": "Buffer",
          "data": "IKIztZFbxruPIX6v+Rtgk0RaTqkafvVP3ENfhFIyZFU="
        },
        "public": {
          "type": "Buffer",
          "data": "kf6O6VHb804ffaAemCHRdiOI5iCxQx76NAIBEIAWfwI="
        }
      },
      "24": {
        "private": {
          "type": "Buffer",
          "data": "iC+GYhk/+Myd0R8M+uVrY71XcECTuAOd8OkaTUByNn8="
        },
        "public": {
          "type": "Buffer",
          "data": "rP0gife5rIXS64ixGbHmytM1x+EAiWAQHHDBNwiEKlY="
        }
      },
      "25": null,
      "26": {
        "private": {
          "type": "Buffer",
          "data": "sD3UOAj0uHbpNKPCgO3ygcUn2Q/bRHAnH6x5M203E0Q="
        },
        "public": {
          "type": "Buffer",
          "data": "FXKQofIV3yJSYYaMokqD/C2S0R1hmbC4Z5beBCfDhR8="
        }
      },
      "27": {
        "private": {
          "type": "Buffer",
          "data": "kF+NP6UIoZfI9kqc7uY0vIGiU1fRzcy3jqxt3jDlvFc="
        },
        "public": {
          "type": "Buffer",
          "data": "+jarF2RWov07UBIHJV5x+5uM5UIG4nSLRUdKn4lvRBM="
        }
      },
      "28": null,
      "29": null,
      "30": null,
      "31": {
        "private": {
          "type": "Buffer",
          "data": "oApTGLDLXHZ2eIJuNRT3MV48NXwXGFeYVZuEMLmGcVA="
        },
        "public": {
          "type": "Buffer",
          "data": "gBeGVu4ouK2YGpWQU+IrjTbUikFEBms6Ar1veCUAkXI="
        }
      },
      "32": {
        "private": {
          "type": "Buffer",
          "data": "KHWsSov/NvOauBXBJ+b+OIpSkE0vKbdMmY677kP9W3k="
        },
        "public": {
          "type": "Buffer",
          "data": "Gy5WqeZRpeuY/STnhyTaslqg+SnO2giHusfXGJI8WF0="
        }
      },
      "33": {
        "private": {
          "type": "Buffer",
          "data": "eA+ZtmmRCiRyVikxnuVaBo+yh0XvEmXkXHuqWVOF/lg="
        },
        "public": {
          "type": "Buffer",
          "data": "7OmJMEGx9KWg9jsq0xx8wwNtvvivSP6tpe22IXeFo34="
        }
      }
    },
    "sessions": {
      "6281228088732.0": {
        "_sessions": {
          "BWkRL7vemOeREJkmGHMjU+eCpjYM5tu8pIIQyr4jKBYE": {
            "registrationId": 90844747,
            "currentRatchet": {
              "ephemeralKeyPair": {
                "pubKey": "BQUYwnwKtxpHWcvr2Nj1z3T4zCE/oFnFY1LhxjTiJeB+",
                "privKey": "WHwHOYvTt/+uGpVKkV7/HQ1SEIFri72Kre1Vd/U9VEw="
              },
              "lastRemoteEphemeralKey": "BZ2i9Mq61T+uvjVKv+WjePZKgiLRCOZlZv8NjiY5ugZz",
              "previousCounter": 0,
              "rootKey": "ilGQpIgTzyhyvGwxj+7Gc1Eu8ESDTQ7hyPIbcGJ+D8s="
            },
            "indexInfo": {
              "baseKey": "BWkRL7vemOeREJkmGHMjU+eCpjYM5tu8pIIQyr4jKBYE",
              "baseKeyType": 2,
              "closed": -1,
              "used": 1659021370186,
              "created": 1659021370186,
              "remoteIdentityKey": "BbxQVmbXHe6FUXjvwzfT7lduSicdPKM07FKj+gX3IT5D"
            },
            "_chains": {
              "BZ2i9Mq61T+uvjVKv+WjePZKgiLRCOZlZv8NjiY5ugZz": {
                "chainKey": {
                  "counter": 4,
                  "key": "BRIc4gi9bB348Etydeak5721Fgg7Bpx4mIMJvvPzNdg="
                },
                "chainType": 2,
                "messageKeys": {}
              },
              "BQUYwnwKtxpHWcvr2Nj1z3T4zCE/oFnFY1LhxjTiJeB+": {
                "chainKey": {
                  "counter": 2,
                  "key": "rUT87KMAU7EotiiVjbjVC9NekaeQNBP+6IsGHbkV8ew="
                },
                "chainType": 1,
                "messageKeys": {}
              }
            }
          }
        },
        "version": "v1"
      },
      "6285888292570.0": {
        "_sessions": {
          "BaNVw3FWZM6z1QyO+J/4uNgGPrfofeS2fkElDSvsWaol": {
            "registrationId": 58277939,
            "currentRatchet": {
              "ephemeralKeyPair": {
                "pubKey": "BcXvKB2TBea/ToQ0ym/BS00HI7nMGsSegalf2f3iV1gF",
                "privKey": "wATrKBFbI8CiLOKMWrYhnH1p5eVYL1h5CkXX5WZfS1U="
              },
              "lastRemoteEphemeralKey": "BUyA1a+8oULJJrNcvRmFstTHWuf5Uh7K24NbGI2pEY1t",
              "previousCounter": 0,
              "rootKey": "Wt/hR5KQrT02SegkbmnYcXhanesjVWeLcS7WgFr6/8s="
            },
            "indexInfo": {
              "baseKey": "BaNVw3FWZM6z1QyO+J/4uNgGPrfofeS2fkElDSvsWaol",
              "baseKeyType": 2,
              "closed": -1,
              "used": 1659021370400,
              "created": 1659021370400,
              "remoteIdentityKey": "BfkSLBg+lXCIWSID/saebod+55nkFQ9Enx4MbnzURl5n"
            },
            "_chains": {
              "BUyA1a+8oULJJrNcvRmFstTHWuf5Uh7K24NbGI2pEY1t": {
                "chainKey": {
                  "counter": 2,
                  "key": "orzoMJhM+CaWU59WGCSdEgy1dGPaZaG6QmSktFFmfBs="
                },
                "chainType": 2,
                "messageKeys": {}
              },
              "BcXvKB2TBea/ToQ0ym/BS00HI7nMGsSegalf2f3iV1gF": {
                "chainKey": {
                  "counter": -1,
                  "key": "8Ywm6DB8OKqyuHDOdIph9osg2bagNruIHivxnXc8+q8="
                },
                "chainType": 1,
                "messageKeys": {}
              }
            }
          }
        },
        "version": "v1"
      },
      "6285771578508.0": {
        "_sessions": {
          "BV4Cf64FJDIV+2Kps7481Z0jk8QdKsHGCHxacbBbYohp": {
            "registrationId": 548577110,
            "currentRatchet": {
              "ephemeralKeyPair": {
                "pubKey": "BX1ki/filV569zeFXUj8LoqMGMBy9E1gZDjCxVLkGPwr",
                "privKey": "aO1bWNt/RKW0HeLHqBQpDjEbANvM2lFSMCkRFXCgUH8="
              },
              "lastRemoteEphemeralKey": "BYIYpoyjt9rdTMevJXqC2Coib5L5fmLSLkQabi66Gwtk",
              "previousCounter": 0,
              "rootKey": "QBarXFJIuPmk2BTqhKHdVBTIhIRvP9dM7xQcW1PYgmg="
            },
            "indexInfo": {
              "baseKey": "BV4Cf64FJDIV+2Kps7481Z0jk8QdKsHGCHxacbBbYohp",
              "baseKeyType": 2,
              "closed": -1,
              "used": 1659021370842,
              "created": 1659021370842,
              "remoteIdentityKey": "BfbcAXvWkK1rNY+0iGx1g4AhOZsaO3sluDDafCsYYh1g"
            },
            "_chains": {
              "BYIYpoyjt9rdTMevJXqC2Coib5L5fmLSLkQabi66Gwtk": {
                "chainKey": {
                  "counter": 2,
                  "key": "J4q/tNYyFLrnPfvEFKNI/bb47AYpH823gundDk9mSpA="
                },
                "chainType": 2,
                "messageKeys": {}
              },
              "BX1ki/filV569zeFXUj8LoqMGMBy9E1gZDjCxVLkGPwr": {
                "chainKey": {
                  "counter": -1,
                  "key": "mizee/YUbe1gTCeefsQ0GcUjiCqjMHuishCZwHQFs8s="
                },
                "chainType": 1,
                "messageKeys": {}
              }
            }
          }
        },
        "version": "v1"
      },
      "6282122983224.0": {
        "_sessions": {
          "Beq3Eg/ipMt00wG1e3Uqt4NU1dnsxUYWhxaduWSYF5s6": {
            "registrationId": 1876200180,
            "currentRatchet": {
              "ephemeralKeyPair": {
                "pubKey": "BW1ZFvZNmcSK4ohfsxlBqXj48Upvm1zdYn00zkb04Hcw",
                "privKey": "gNbyyC4lgas3IkvlQU4cxatej67NWwMJHeVju+CeGmo="
              },
              "lastRemoteEphemeralKey": "BW3zsHQasqzTEGqgD0ETGL6/nZdo3S1dU3TBZ4pDc1d1",
              "previousCounter": 0,
              "rootKey": "yX9bNloN2SjjtMo/yTmvV/3cGV9zhMw+RlFMz5aleuQ="
            },
            "indexInfo": {
              "baseKey": "Beq3Eg/ipMt00wG1e3Uqt4NU1dnsxUYWhxaduWSYF5s6",
              "baseKeyType": 2,
              "closed": -1,
              "used": 1659021371379,
              "created": 1659021371379,
              "remoteIdentityKey": "Be+NAjxd9zSh0oo7IAQJPhZDeG4plQov8oqiNu1JFv5l"
            },
            "_chains": {
              "BW3zsHQasqzTEGqgD0ETGL6/nZdo3S1dU3TBZ4pDc1d1": {
                "chainKey": {
                  "counter": 0,
                  "key": "GgDoOAlsbd/z2fIZ6bE8UK+3hC53w7xLxBEAVSFXZyg="
                },
                "chainType": 2,
                "messageKeys": {}
              },
              "BW1ZFvZNmcSK4ohfsxlBqXj48Upvm1zdYn00zkb04Hcw": {
                "chainKey": {
                  "counter": -1,
                  "key": "/gu954GR3mfGVhHLg7sXopF/jUm9N8+4mrk5v4lReM8="
                },
                "chainType": 1,
                "messageKeys": {}
              }
            }
          }
        },
        "version": "v1"
      },
      "6289676402656.0": {
        "_sessions": {
          "BfiKtw7bgM1uy8uXZQbCRpPaL08RktJG+usKvG2oJjh7": {
            "registrationId": 95939378,
            "currentRatchet": {
              "ephemeralKeyPair": {
                "pubKey": "BbX/rQBRFLtiF5XteGquclqkzkOhD2n+JxcEclDTT/ZY",
                "privKey": "qHnmy024PiborgSNWKbJWYjzQrARUEMIR6O4+b0HT1k="
              },
              "lastRemoteEphemeralKey": "Bb25TUNdLm+gBSqVB3sTy03T5if2wcLFGQq2bmkieaEo",
              "previousCounter": 0,
              "rootKey": "327OxRMII2XxAReG2mordwDx05VfRWLMymhqt+GDwwI="
            },
            "indexInfo": {
              "baseKey": "BfiKtw7bgM1uy8uXZQbCRpPaL08RktJG+usKvG2oJjh7",
              "baseKeyType": 2,
              "closed": -1,
              "used": 1659021371627,
              "created": 1659021371627,
              "remoteIdentityKey": "BX3c39sXC0AcGXQTfXVs8Z0H7Xv2MUvBO8XUrqC/wyty"
            },
            "_chains": {
              "Bb25TUNdLm+gBSqVB3sTy03T5if2wcLFGQq2bmkieaEo": {
                "chainKey": {
                  "counter": 0,
                  "key": "Nh6DCnaaZoE4kOg/0Ob7JppwG+1gubl+4TTUuYW94FA="
                },
                "chainType": 2,
                "messageKeys": {}
              },
              "BbX/rQBRFLtiF5XteGquclqkzkOhD2n+JxcEclDTT/ZY": {
                "chainKey": {
                  "counter": -1,
                  "key": "BjRSL/NTxXrXUv1P/P7txxLL/4D5SEpgcRz91TwOKpc="
                },
                "chainType": 1,
                "messageKeys": {}
              }
            }
          }
        },
        "version": "v1"
      },
      "6283180009479.0": {
        "_sessions": {
          "BVj0J/aJviJLVRPFYR6OGXoqYR+dkg9oDJ8HlG2csikR": {
            "registrationId": 1835233534,
            "currentRatchet": {
              "ephemeralKeyPair": {
                "pubKey": "BY4jH0100S7HOqnyDRRphzDJ0QRIcloR9FWjE22D3PEZ",
                "privKey": "mIhgiCEkKRUYJ2Bqp97jlP/DOk4S6K4S2rz7U7De8W0="
              },
              "lastRemoteEphemeralKey": "BVc8dxJJfTe5/zA2Mmt2cHENRsnW5+545K3HXfWG75MW",
              "previousCounter": 0,
              "rootKey": "TT/65zkbNbybj74twJazb4hZILCnhG41L2IijVoiwZU="
            },
            "indexInfo": {
              "baseKey": "BVj0J/aJviJLVRPFYR6OGXoqYR+dkg9oDJ8HlG2csikR",
              "baseKeyType": 2,
              "closed": -1,
              "used": 1659021376062,
              "created": 1659021376062,
              "remoteIdentityKey": "BVoQTXxwoLoiS/A03dRHYrhQOMkZn/5JBSYZLwLEBl4p"
            },
            "_chains": {
              "BVc8dxJJfTe5/zA2Mmt2cHENRsnW5+545K3HXfWG75MW": {
                "chainKey": {
                  "counter": 0,
                  "key": "8EciGeJHnBn+9OkvnWgvDX+iCnszRsP6UWr4uOuOce0="
                },
                "chainType": 2,
                "messageKeys": {}
              },
              "BY4jH0100S7HOqnyDRRphzDJ0QRIcloR9FWjE22D3PEZ": {
                "chainKey": {
                  "counter": -1,
                  "key": "OQOzx8OhT9Vm+Kpsu+VylAdml6oCi+EICRtMCjOYhg8="
                },
                "chainType": 1,
                "messageKeys": {}
              }
            }
          }
        },
        "version": "v1"
      },
      "6283170462098.0": {
        "_sessions": {
          "BdNNdbzzHCmfrqrmdBJcQbcV1istC7uRZ9P5QTZGBd0D": {
            "registrationId": 772569438,
            "currentRatchet": {
              "ephemeralKeyPair": {
                "pubKey": "BdDKkXxEO24gI3s+F/LSaK1mWWXBJ5u9W3j3YwfOIv8m",
                "privKey": "KCU2LP9w41JnM8MUL5UzDxPH8Sua28MUVO7kJIcs4G4="
              },
              "lastRemoteEphemeralKey": "BTUt6J1OUKQlaiu6EF1JSEtt2UlpppJO3ZNg04pG/Yc2",
              "previousCounter": 0,
              "rootKey": "N8NMD+HeT/UGlNYyIcIEso5s/tBNNUL0oplEg6jEzw0="
            },
            "indexInfo": {
              "baseKey": "BdNNdbzzHCmfrqrmdBJcQbcV1istC7uRZ9P5QTZGBd0D",
              "baseKeyType": 2,
              "closed": -1,
              "used": 1659021377336,
              "created": 1659021377336,
              "remoteIdentityKey": "BU2G2D9uPk16IVjGtScpRvX/qrIpnkvFXQbrhVA5Q8VD"
            },
            "_chains": {
              "BTUt6J1OUKQlaiu6EF1JSEtt2UlpppJO3ZNg04pG/Yc2": {
                "chainKey": {
                  "counter": 0,
                  "key": "AmVwcPWWwRr4v5bkh7WoKI/b4TvKjgdPY1i3zt7s5gk="
                },
                "chainType": 2,
                "messageKeys": {}
              },
              "BdDKkXxEO24gI3s+F/LSaK1mWWXBJ5u9W3j3YwfOIv8m": {
                "chainKey": {
                  "counter": -1,
                  "key": "U2+fIyw6uzW8De4IR8q/G0zAko54CaYCrG8gaT++Rsk="
                },
                "chainType": 1,
                "messageKeys": {}
              }
            }
          }
        },
        "version": "v1"
      },
      "6285711278759.0": {
        "_sessions": {
          "BacJy04qTlt+EYin0PNbf/C2P2AmLVyhXDuIc5Bc2xor": {
            "registrationId": 132403647,
            "currentRatchet": {
              "ephemeralKeyPair": {
                "pubKey": "BXbl7KdrXXrEO+G2YZm6aaWaGgkry2cs+/gjVeAwWEwh",
                "privKey": "gIa6mkUTK+TdEfMX9ktXaQTBIj515/XqyS9GRhYYMUw="
              },
              "lastRemoteEphemeralKey": "BddpGfr/ewP5GQqujfT20+4wvGrjHTC7b1O/XfNUKoxV",
              "previousCounter": 0,
              "rootKey": "oIg2+9unNKEoXvVCAts0miFMc3adCeu49AkknEngRj4="
            },
            "indexInfo": {
              "baseKey": "BacJy04qTlt+EYin0PNbf/C2P2AmLVyhXDuIc5Bc2xor",
              "baseKeyType": 2,
              "closed": -1,
              "used": 1659021377677,
              "created": 1659021377677,
              "remoteIdentityKey": "BRcv4RIpV6IWfGlZPY5IQDMkfrX/tcaiPL7qYVi5tR5g"
            },
            "_chains": {
              "BddpGfr/ewP5GQqujfT20+4wvGrjHTC7b1O/XfNUKoxV": {
                "chainKey": {
                  "counter": 0,
                  "key": "IDT5mRhl5g9NQMsolyS5TkQxjupqGWgI0gmeAVSFOLU="
                },
                "chainType": 2,
                "messageKeys": {}
              },
              "BXbl7KdrXXrEO+G2YZm6aaWaGgkry2cs+/gjVeAwWEwh": {
                "chainKey": {
                  "counter": -1,
                  "key": "BIGIKuLUvq8rRRG7d99exTT7MzB4/fEn1dXkdgY7OrM="
                },
                "chainType": 1,
                "messageKeys": {}
              }
            }
          }
        },
        "version": "v1"
      },
      "6285716455389.0": {
        "_sessions": {
          "BSnEnFMse1Zl1Kb2js+pqHg7b/+W3DAGt/NCisxxVXVV": {
            "registrationId": 369200428,
            "currentRatchet": {
              "ephemeralKeyPair": {
                "pubKey": "BUMtZbIiuXveiS9wBIL5kBsjv6ptz2CrDBJZMuE0voMM",
                "privKey": "APqUtxNjWn8wlmJ4iikBpAYgCyktCEhQUZBorIRh4VQ="
              },
              "lastRemoteEphemeralKey": "BcBcaocezatxYQmKn9pGoUEyZmUTVoZfkhhSPL1hxTJU",
              "previousCounter": 0,
              "rootKey": "/gdUWzfKbLslNv8YULH358yMS5csmdS39q5QrJiurO8="
            },
            "indexInfo": {
              "baseKey": "BSnEnFMse1Zl1Kb2js+pqHg7b/+W3DAGt/NCisxxVXVV",
              "baseKeyType": 2,
              "closed": -1,
              "used": 1659021378450,
              "created": 1659021378450,
              "remoteIdentityKey": "BSaChP6Tfg73zGtHs/9kdhKWZJZPbCWlc6oZgFTQyu8H"
            },
            "_chains": {
              "BcBcaocezatxYQmKn9pGoUEyZmUTVoZfkhhSPL1hxTJU": {
                "chainKey": {
                  "counter": 0,
                  "key": "5MDspikOrjIfa4ihF1lCL+s/lnTrk1KArcZQIO2dqaY="
                },
                "chainType": 2,
                "messageKeys": {}
              },
              "BUMtZbIiuXveiS9wBIL5kBsjv6ptz2CrDBJZMuE0voMM": {
                "chainKey": {
                  "counter": -1,
                  "key": "nsEVNuW1DwUSsYvCs4CDMmdex2mLhv8rhRfaZH7HWkY="
                },
                "chainType": 1,
                "messageKeys": {}
              }
            }
          }
        },
        "version": "v1"
      },
      "6287829627021.0": {
        "_sessions": {
          "BZVProDDDzIllUeECMVuFkVavfUXcpI8LXW6gawIJDp3": {
            "registrationId": 1694276717,
            "currentRatchet": {
              "ephemeralKeyPair": {
                "pubKey": "BYEcIm21GLCjNC53EWEthEOKii9/tunwvZXHljwF7PAI",
                "privKey": "6MGn2zEhUHdCPhgrtJQ2wOP2gtHOrMjYJugPUYcv1H8="
              },
              "lastRemoteEphemeralKey": "Bbaez9yTjdTypgRoMp9OOh6g0khj3g6QLL1gmFSMnr8m",
              "previousCounter": 0,
              "rootKey": "Tc54Uh3zRNE/hpUScmZhrGXKp9a+vAcpkEXopsUnWKM="
            },
            "indexInfo": {
              "baseKey": "BZVProDDDzIllUeECMVuFkVavfUXcpI8LXW6gawIJDp3",
              "baseKeyType": 2,
              "closed": -1,
              "used": 1659021383581,
              "created": 1659021383581,
              "remoteIdentityKey": "BewWgZJ9Qy6D55wRQ6hi6k5K3xb2nRWicYGkqg3FQFtG"
            },
            "_chains": {
              "Bbaez9yTjdTypgRoMp9OOh6g0khj3g6QLL1gmFSMnr8m": {
                "chainKey": {
                  "counter": 0,
                  "key": "AKvHLAmfAv11hXaLFpgqNCPc5TiyalJpdMivYj+htQo="
                },
                "chainType": 2,
                "messageKeys": {}
              },
              "BYEcIm21GLCjNC53EWEthEOKii9/tunwvZXHljwF7PAI": {
                "chainKey": {
                  "counter": -1,
                  "key": "4m2zwBQWjAzjyPnMe4oxbXGVu6C3hdMYqUTaYT60HDg="
                },
                "chainType": 1,
                "messageKeys": {}
              }
            }
          }
        },
        "version": "v1"
      },
      "6285327003251.0": {
        "_sessions": {
          "Bb45gyUXJ/0y6tmzrOxExPrcRu1sCbsOOgaM87A8YyED": {
            "registrationId": 1122004916,
            "currentRatchet": {
              "ephemeralKeyPair": {
                "pubKey": "BQu/X41HZgKlOk/3IxieLSeHXasVq8+O1Ki8OLH1nsIU",
                "privKey": "KKuiVOWJfElJrKiXAcXkxhBmKk0w32KX2MMlTGdfYWU="
              },
              "lastRemoteEphemeralKey": "Ba4Zsy4lHx6KjDe72/5AGIhD9EAdp3AaJc6/2UbhHIhu",
              "previousCounter": 0,
              "rootKey": "3n6E90iiawDBi9N6YB1/85BGp3kzpomgchobZgE2/9A="
            },
            "indexInfo": {
              "baseKey": "Bb45gyUXJ/0y6tmzrOxExPrcRu1sCbsOOgaM87A8YyED",
              "baseKeyType": 2,
              "closed": -1,
              "used": 1659021396759,
              "created": 1659021387034,
              "remoteIdentityKey": "Ba2ujMwhKYKuu4e33MKXowh7CzqmnomiiEZJTVZBSr0c"
            },
            "_chains": {
              "BaK2EuX6QRPtgd7uzleE4M94jhbopW1dFZqbdJY2agpZ": {
                "chainKey": {
                  "counter": 0
                },
                "chainType": 2,
                "messageKeys": {}
              },
              "BbjWyDA4S76RYYAfkQilEqsAqGOyHZoJ5thsx1GsJkZq": {
                "chainKey": {
                  "counter": 0
                },
                "chainType": 2,
                "messageKeys": {}
              },
              "Ba4Zsy4lHx6KjDe72/5AGIhD9EAdp3AaJc6/2UbhHIhu": {
                "chainKey": {
                  "counter": 0,
                  "key": "eoOpWBuwi+ql5X0erZ1E576Ns9KHqDivq96Qkqhj0h0="
                },
                "chainType": 2,
                "messageKeys": {}
              },
              "BQu/X41HZgKlOk/3IxieLSeHXasVq8+O1Ki8OLH1nsIU": {
                "chainKey": {
                  "counter": 0,
                  "key": "O4oFh8Vqr8euniQR9zi7TZ6YQ/Ztqb2aMi6MFOhYtfI="
                },
                "chainType": 1,
                "messageKeys": {}
              }
            }
          }
        },
        "version": "v1"
      },
      "6283164198528.0": {
        "_sessions": {
          "BUqOj2lTzUwhl8psa/E9rlPPtKUzvdtCX8COPKYyQEs9": {
            "registrationId": 622752933,
            "currentRatchet": {
              "ephemeralKeyPair": {
                "pubKey": "BYYPFhIZ+Tte/KJWlv+0ojAiGqhRVHiJWYykEF6IGm0e",
                "privKey": "oHjplY9MK869I/hxN44LBqO7ZURdJZOdXN4FzOK21H0="
              },
              "lastRemoteEphemeralKey": "BSjn+eS3RboO2wFqMXYo9EoN/oObSYsYsSEoDMzyhooU",
              "previousCounter": 0,
              "rootKey": "m11YPA7T1MmPuC+RFpc9y0mtkV43rn+uXzhBwAel/sE="
            },
            "indexInfo": {
              "baseKey": "BUqOj2lTzUwhl8psa/E9rlPPtKUzvdtCX8COPKYyQEs9",
              "baseKeyType": 2,
              "closed": -1,
              "used": 1659021395618,
              "created": 1659021395618,
              "remoteIdentityKey": "Be7okVGi7MZSAsSeksY3dot7pzmKRBUYC6aLVkC0uhA3"
            },
            "_chains": {
              "BSjn+eS3RboO2wFqMXYo9EoN/oObSYsYsSEoDMzyhooU": {
                "chainKey": {
                  "counter": 0,
                  "key": "vNQpZWHTpxLpa1xN9GXTimK9fc/3BqxMtSJRQ70I/qQ="
                },
                "chainType": 2,
                "messageKeys": {}
              },
              "BYYPFhIZ+Tte/KJWlv+0ojAiGqhRVHiJWYykEF6IGm0e": {
                "chainKey": {
                  "counter": -1,
                  "key": "vfQxEsiKtyRwz3aNxF3SM8JPkqacHaOFiNyAKPBEttI="
                },
                "chainType": 1,
                "messageKeys": {}
              }
            }
          }
        },
        "version": "v1"
      },
      "6283869804075.0": {
        "_sessions": {
          "Be9FpmAj72DdSZAOie5p2K7RaZHXhyOqIIKlQswZB9Z3": {
            "registrationId": 1389100945,
            "currentRatchet": {
              "ephemeralKeyPair": {
                "pubKey": "BXriPJZFdlg3wvajsIRbWHqilKnAkCtCUOZkxe9g55sW",
                "privKey": "cAZ3kcN9KRjm4ULVwrsh2ugrdoe6e04koVM0a7ht5kE="
              },
              "lastRemoteEphemeralKey": "BZdYKMeL827Ge9CphWXMnFz+AWjhUl349iVTNfmq0ZEU",
              "previousCounter": 0,
              "rootKey": "fe6py357n0oFi/ci7Vxu93yQO8m3ZBGidyH8W5HVEmw="
            },
            "indexInfo": {
              "baseKey": "Be9FpmAj72DdSZAOie5p2K7RaZHXhyOqIIKlQswZB9Z3",
              "baseKeyType": 2,
              "closed": -1,
              "used": 1659021396453,
              "created": 1659021396453,
              "remoteIdentityKey": "BX8Ls3nC6322YpI3h6C6N9CDqNpsh2Mvkj0/5eO2oFNe"
            },
            "_chains": {
              "BZdYKMeL827Ge9CphWXMnFz+AWjhUl349iVTNfmq0ZEU": {
                "chainKey": {
                  "counter": 0,
                  "key": "32wd0F0pxyzN3UpSFiKUtqeZ3tEj2twoLrX06AeTxm8="
                },
                "chainType": 2,
                "messageKeys": {}
              },
              "BXriPJZFdlg3wvajsIRbWHqilKnAkCtCUOZkxe9g55sW": {
                "chainKey": {
                  "counter": -1,
                  "key": "Wmtty1ieqsldU2ZUCfc9HWzsHIQzcMoiS3w5pF1Tuz8="
                },
                "chainType": 1,
                "messageKeys": {}
              }
            }
          }
        },
        "version": "v1"
      },
      "6288214411275.0": {
        "_sessions": {
          "BauAv6UmlP4WLIV6iE8X7Xd2cnVK/gIqDY0DicY26jd3": {
            "registrationId": 80224822,
            "currentRatchet": {
              "ephemeralKeyPair": {
                "pubKey": "BfzPZ96Q/hE7dOmbIWJdew/hal+kHNN64oLPXggJqdte",
                "privKey": "MOKGUNI1ybj6r79EOBmerYWPic0yUJRhlUEw+61z2VI="
              },
              "lastRemoteEphemeralKey": "BeBPyOjnjfNerLbN0cdh41y7ZFzWiQZ2dx0bb9onE0ht",
              "previousCounter": 0,
              "rootKey": "9lM0Ul7YcrXxyakMd/iz0LhwmuiKToDvu1M+9JpB8R8="
            },
            "indexInfo": {
              "baseKey": "BauAv6UmlP4WLIV6iE8X7Xd2cnVK/gIqDY0DicY26jd3",
              "baseKeyType": 2,
              "closed": -1,
              "used": 1659021400403,
              "created": 1659021400403,
              "remoteIdentityKey": "BZTFoMLJsPdC3YA9AfhC65sVW45mJRqf09XzQdADsAQG"
            },
            "_chains": {
              "BeBPyOjnjfNerLbN0cdh41y7ZFzWiQZ2dx0bb9onE0ht": {
                "chainKey": {
                  "counter": 0,
                  "key": "Pw/9nUte4ibd48dIW+RE92crOejXc/UpNcnCvUHBWMw="
                },
                "chainType": 2,
                "messageKeys": {}
              },
              "BfzPZ96Q/hE7dOmbIWJdew/hal+kHNN64oLPXggJqdte": {
                "chainKey": {
                  "counter": -1,
                  "key": "u+ZJW77sYbKI8jalvFp1jQLW279l9rElH6/HicaOHco="
                },
                "chainType": 1,
                "messageKeys": {}
              }
            }
          }
        },
        "version": "v1"
      },
      "6281216365490.0": {
        "_sessions": {
          "BY5O1NdArpwa6/mDSb3ctmmXqqlZgsBMwKIHS8s48+YD": {
            "registrationId": 1094709744,
            "currentRatchet": {
              "ephemeralKeyPair": {
                "pubKey": "BRhgBLj4sneBZnJm7jFij/+987mNy+3U6z15ElxtL1tS",
                "privKey": "SNJm50RYE64vtVtHJOg3/tIjruEgnwOvIy0VOinHclE="
              },
              "lastRemoteEphemeralKey": "BRmCpa1+6Fd9lJ0E2h5+wJS9KW/e6YqOtKvfazZIU1sR",
              "previousCounter": 0,
              "rootKey": "OjjnN+VgYOCGAmDnwYxzC5EZTPVWj5YpA+4S3XVGOXY="
            },
            "indexInfo": {
              "baseKey": "BY5O1NdArpwa6/mDSb3ctmmXqqlZgsBMwKIHS8s48+YD",
              "baseKeyType": 2,
              "closed": -1,
              "used": 1659021409490,
              "created": 1659021409490,
              "remoteIdentityKey": "BZDhXv79WEKb/O6v5jw7kA7k0SeEokzSsYDFhpNDS5x6"
            },
            "_chains": {
              "BRmCpa1+6Fd9lJ0E2h5+wJS9KW/e6YqOtKvfazZIU1sR": {
                "chainKey": {
                  "counter": 0,
                  "key": "kK5rl0VWRgElvldsWGUzkViXisFYO1AxKNgk5zk5Cd8="
                },
                "chainType": 2,
                "messageKeys": {}
              },
              "BRhgBLj4sneBZnJm7jFij/+987mNy+3U6z15ElxtL1tS": {
                "chainKey": {
                  "counter": -1,
                  "key": "jaaoGGIch02B4+ivtnWQGih/3QO5d7HOeD1NsBjydco="
                },
                "chainType": 1,
                "messageKeys": {}
              }
            }
          }
        },
        "version": "v1"
      },
      "6282298641107.0": {
        "_sessions": {
          "BZSUe+ifLbWlNiwbHRwVQ5ComH8J+oX4gry4u5MMHO4i": {
            "registrationId": 908605719,
            "currentRatchet": {
              "ephemeralKeyPair": {
                "pubKey": "BSgZwJpo+V8Mq72q8aOdrhXxbGXCgR+hWcejp+vRIXUP",
                "privKey": "kDTClQjsmPBC1rWk8krBeoUoai72SAUniLsl4j7yN2I="
              },
              "lastRemoteEphemeralKey": "BVuE+y7PudbzA9dqfLOBFjOh/+kD4Fj1VWEz5nVpvehq",
              "previousCounter": 0,
              "rootKey": "P9lXy2GyNYs5kvuqMTDDt8sIVaVvQCsocs6K1k5bOVI="
            },
            "indexInfo": {
              "baseKey": "BZSUe+ifLbWlNiwbHRwVQ5ComH8J+oX4gry4u5MMHO4i",
              "baseKeyType": 2,
              "closed": -1,
              "used": 1659021415091,
              "created": 1659021415091,
              "remoteIdentityKey": "BbzcTgpD6mDF4sft3HO7PlLBy/L/Yffnu6CCTT8Qw3RY"
            },
            "_chains": {
              "BVuE+y7PudbzA9dqfLOBFjOh/+kD4Fj1VWEz5nVpvehq": {
                "chainKey": {
                  "counter": 0,
                  "key": "rgnNQiNdHZAkwLEdeSRbXnBQ0O0DhZ8NIUrVDPqvZ0M="
                },
                "chainType": 2,
                "messageKeys": {}
              },
              "BSgZwJpo+V8Mq72q8aOdrhXxbGXCgR+hWcejp+vRIXUP": {
                "chainKey": {
                  "counter": -1,
                  "key": "Ex6HZDf/6MVOsKN0g7BGYXB8qyJymdApkxjnrDxzG/o="
                },
                "chainType": 1,
                "messageKeys": {}
              }
            }
          }
        },
        "version": "v1"
      }
    },
    "senderKeys": {
      "120363040819059362@g.us::6285888292570::0": [
        {
          "senderKeyId": 500128965,
          "senderChainKey": {
            "iteration": 6,
            "seed": "17WFCQD9BVVlXsZyyc2TPzWsXEWvRS+aPxkOW2GwITQ="
          },
          "senderSigningKey": {
            "public": "BcwQzWAKyeIf9OGy4CmyWaNCbSCFfg3gsfCRsMcLxP8R"
          }
        },
        {
          "senderKeyId": 500128965,
          "senderChainKey": {
            "iteration": 3,
            "seed": "oBg1UoxJHLrz70vAyznG8Q8Wckkbso36ALk+b5ALal0="
          },
          "senderSigningKey": {
            "public": "BcwQzWAKyeIf9OGy4CmyWaNCbSCFfg3gsfCRsMcLxP8R"
          }
        }
      ],
      "120363040819059362@g.us::6282122983224::0": [
        {
          "senderKeyId": 1096471708,
          "senderChainKey": {
            "iteration": 35,
            "seed": "ymBUjXB7MkFJoWf0IAg0M4x52praJbSV0QlQimziGAA="
          },
          "senderSigningKey": {
            "public": "BXUVlfWGoa3bJbKZ2EHE1Ppo1kRjVytBtO5GhUvs/9UY"
          }
        }
      ],
      "120363040819059362@g.us::6285771578508::0": [
        {
          "senderKeyId": 1432441550,
          "senderChainKey": {
            "iteration": 14,
            "seed": "EZF/ZmXgiCpDmjTDrCWNb3Aw2NTKINtBqhL5dkbX9Sg="
          },
          "senderSigningKey": {
            "public": "BYWqVaWCVaHx2Pt9MQAvOvcTOT1sSLcAp8cDCfYinBFL"
          }
        },
        {
          "senderKeyId": 1432441550,
          "senderChainKey": {
            "iteration": 12,
            "seed": "61uVx1xJccwavVBG+DZlHDj2DKM7Mt5E43RHcqmR0xE="
          },
          "senderSigningKey": {
            "public": "BYWqVaWCVaHx2Pt9MQAvOvcTOT1sSLcAp8cDCfYinBFL"
          }
        }
      ],
      "120363040819059362@g.us::6283180009479::0": [
        {
          "senderKeyId": 1245683592,
          "senderChainKey": {
            "iteration": 85,
            "seed": "H3fO4EvZOcW8DV3HQNy0xW2YE7elhEhjCHPpkLLjb0A="
          },
          "senderSigningKey": {
            "public": "BTQvwDt4ERj61f/IFRAdkflfg0Yg49o5/vyNhL3qG25D"
          }
        }
      ],
      "120363040819059362@g.us::6283170462098::0": [
        {
          "senderKeyId": 1509310682,
          "senderChainKey": {
            "iteration": 76,
            "seed": "qSnZKqg4CDyv8YwCneGE2pHHs3vfFNezoMj6+sKayos="
          },
          "senderSigningKey": {
            "public": "BdrrX4zpay2596VDZo7aYksb40g1qntn7D0opXAVUnMm"
          }
        }
      ],
      "120363040819059362@g.us::6285711278759::0": [
        {
          "senderKeyId": 1140105873,
          "senderChainKey": {
            "iteration": 25,
            "seed": "g/eYYkazfiBCsWtHFsxE1SqAXtR9r3zUI+2BxtWe5Fc="
          },
          "senderSigningKey": {
            "public": "BYys37JsfizRgdSoxddvXJG7RvTkhqpUKAegMdPDyB5e"
          }
        }
      ],
      "120363040819059362@g.us::6285716455389::0": [
        {
          "senderKeyId": 298990523,
          "senderChainKey": {
            "iteration": 23,
            "seed": "8AWK9IFUY9ccX/8783cjhk2mXCNaekaKfhBW1CdDJqU="
          },
          "senderSigningKey": {
            "public": "BSDPsNxZ2gKL+Mzuv2ZtoarD/1XAK5hpkPNFm020sA4W"
          }
        }
      ],
      "120363040819059362@g.us::6287829627021::0": [
        {
          "senderKeyId": 1085196817,
          "senderChainKey": {
            "iteration": 16,
            "seed": "RMc/VRAkGNro+//rlx5fPxwLaX61sKS9IRxWYJsGTzI="
          },
          "senderSigningKey": {
            "public": "BeNL++Jy+fW5akd5QfVdMMwjFJlL3ovdh3Je0XSuuSpb"
          }
        }
      ],
      "120363040819059362@g.us::6283164198528::0": [
        {
          "senderKeyId": 40872144,
          "senderChainKey": {
            "iteration": 7,
            "seed": "dlYZDsjFFdUlvgn9SwIZRMYtrZjNxDGAE5GQkFETCqU="
          },
          "senderSigningKey": {
            "public": "BRjcvz01fd+L2YVbGpSP533Iq8lbBt0Iz6lPuPf6DyVr"
          }
        }
      ],
      "120363040819059362@g.us::6283869804075::0": [
        {
          "senderKeyId": 875416776,
          "senderChainKey": {
            "iteration": 19,
            "seed": "CP0pqkrvNpBTOOfsMf1XHJwe0XQzx+tU+HxBjHt66eU="
          },
          "senderSigningKey": {
            "public": "BaWsfnBN9dhylkMzk9SIgCHhteYhH+YBGvMX6IApTVYq"
          }
        }
      ],
      "120363040819059362@g.us::6288214411275::0": [
        {
          "senderKeyId": 169930439,
          "senderChainKey": {
            "iteration": 21,
            "seed": "ni240j0lVMZcX8UVnfZVWGrpb3jmRtr1zCrVSWruqcs="
          },
          "senderSigningKey": {
            "public": "BfI+p0Z5T+LLEE4LZbwyPcJgns1I89VbtufvJBXJSEpl"
          }
        }
      ],
      "120363040819059362@g.us::6282298641107::0": [
        {
          "senderKeyId": 1208380720,
          "senderChainKey": {
            "iteration": 31,
            "seed": "S3HZMlyETfIBDqsiW6x2WAsqAsKrLtaA4husv1ISvV0="
          },
          "senderSigningKey": {
            "public": "BcY/aoBDaOj8zyaZDJqZ6r8c4cof2Z4/BTMVQXAQODlD"
          }
        }
      ]
    },
    "appStateSyncKeys": {
      "AAAAAPx0": {
        "keyData": "bFtyrVX7FDnHeZpIEpdK+aOw7nb2lUHaKxUa37lNA88=",
        "fingerprint": {
          "rawId": 1732743987,
          "currentIndex": 1,
          "deviceIndexes": [
            0,
            1
          ]
        },
        "timestamp": "1659021373587"
      }
    },
    "appStateVersions": {
      "critical_block": {
        "version": 1,
        "hash": {
          "type": "Buffer",
          "data": "VguqzaCvdJb0fOWrDihfdhwWv1vFJNondMD+6ct4SdXDpFVe4CqbGVOHbSfn54RuTgPnwmCq33Gy1a7+rSuIX/vgj2EF8F2LORyp7gQv03cNmCLdw8r1Bkqy/8BnGtFYGftjoBAdKLEiY5jdqMXp1sO3FPmfkecMeTuP4f5hIwo="
        },
        "indexValueMap": {
          "x3Bh0EB9CZvqkeXykPycIDxMDxDmvF0fOzRunq83khk=": {
            "valueMac": {
              "type": "Buffer",
              "data": "MoSFpwbT2BOMa+SAbp1B1HsOP5M5MnQOi8xYw9SvzIo="
            }
          },
          "Bud5+MnwaPnSi4y5IF4R52IVmxvDXFMzRkCh+C284sU=": {
            "valueMac": {
              "type": "Buffer",
              "data": "VP/z1LQ8TaXRK/b4IbbIcaQg7mKcLDV9uYvYRosAAcI="
            }
          }
        }
      },
      "regular": {
        "version": 1,
        "hash": {
          "type": "Buffer",
          "data": "FMpoxshzXSzz2MvgVLxImr9B9sKq1ELojClPcAklC4vwKrgYD4IUcsNLcucZei5CFka8TLvBvotu2K6Z5oDcpCc+82/utgoeITivxGSxuPzt5rruD0VfjuvVfpq656Ul2o9fd1iCIiyazT1dpmgS7T2iCemdUTAyiE6m6M+hccw="
        },
        "indexValueMap": {
          "zZ4tu19w8x1w8iZeihYOtxgsSthT4KvJ125qnVJ5HY4=": {
            "valueMac": {
              "type": "Buffer",
              "data": "zUpjSrXzQWthFzAqzBDxc+Y97PzzUkdFg2X16logCEE="
            }
          }
        }
      },
      "critical_unblock_low": {
        "version": 1,
        "hash": {
          "type": "Buffer",
          "data": "EZt8cadOrRcA014v30MFRUqHgTx+vTn28vEaf1OGzfALUG1qadAN85Iku2LwRWRmzOB8cmQGh4y8Y3BSNiryJ3lAxyJkGKNh8VVNo10fUQEEJpMYboBHNNnHVvhmN5ttaDJKMmd8c+9/ptlOYDOugJcroWFO07QV3+6ObCD+3XA="
        },
        "indexValueMap": {
          "hIpV/QOEWPzQV8hVmOK2HjILgBsXvoGBiUZbaVa1HEI=": {
            "valueMac": {
              "type": "Buffer",
              "data": "PE/0eI/VXglUC6oktfiyBvH3WEx12EI7eOxn/yJecBM="
            }
          },
          "PllA+Q4zgqwrNoa6v3BePbzYbxDsRHoeIo1fYibjCHI=": {
            "valueMac": {
              "type": "Buffer",
              "data": "QRDugv7oWOeU017IQdF9Hw4X+KXuzcAzMeYbSUurIl0="
            }
          },
          "47vT/pU5N+6oLrKiQPHXMHklnGKKRM56h1Hsszju0kY=": {
            "valueMac": {
              "type": "Buffer",
              "data": "iQhqkjaV3GimqGRptoEZ2C9FAdVfG2AVkEteeULdm+s="
            }
          },
          "ek+ROb8CX29Akfpx5TNp29IsKZ6JI5uOzTeLjhQE/NY=": {
            "valueMac": {
              "type": "Buffer",
              "data": "UXXB8k51qXQwyh1JpgfLKMRp2JfYC2BIbjumMk+LY94="
            }
          },
          "DE58QeRNauZEf4t3fVGJbKR0/t8WiPBt9PmDcO7z1Rc=": {
            "valueMac": {
              "type": "Buffer",
              "data": "WTeAGKxtx1WXijagDVwWT33OBuxf0e6U1TYTf3XSQ2k="
            }
          }
        }
      },
      "regular_low": {
        "version": 1,
        "hash": {
          "type": "Buffer",
          "data": "Rn+37jnXZKMScxKoZKTrtI98qgB7hBBwrIBXLwx8LoXUqRWKpxznzmawI0dngCRDuKmfDQ0C7U0AYXcvLqjoItFuaYTQUgRm0WJuN3jX4xHoG7valOAiOYqfglarQk7WbM+kfn3lYZwJiYM5h555FI6dJAJHXFJDeCEvBUBAZLc="
        },
        "indexValueMap": {
          "+lSZUC4X8Gf6pTTrEqCfnHXKLYTAz9q7900yskW+WeA=": {
            "valueMac": {
              "type": "Buffer",
              "data": "52oq4xsK5dj7ivu5r5QMHn7HWTuByqItNzs/+72ZHeI="
            }
          }
        }
      }
    }
  }
}